canonical_smiles,molecule_chembl_id,relation,standard_relation,standard_type,standard_value,type,value
O=C(Nc1ccc(Cl)c(Cl)c1)Nc1nnc(-c2ccncc2)s1,CHEMBL1321933,=,=,IC50,3400.0,IC50,3.4
N#Cc1cc(NC(=O)Nc2nnc(-c3ccncc3)s2)ccc1Cl,CHEMBL2426190,=,=,IC50,1600.0,IC50,1.6
O=C(Nc1ccc(Br)c(Br)c1)Nc1nnc(-c2ccncc2)s1,CHEMBL2426161,=,=,IC50,2900.0,IC50,2.9
N#Cc1cc(NC(=O)Nc2nnc(-c3ccncc3)s2)ccc1Br,CHEMBL2426164,=,=,IC50,1100.0,IC50,1.1
O=C(Nc1ccc(F)c(C(F)(F)F)c1)Nc1nnc(-c2ccncc2)s1,CHEMBL2426168,=,=,IC50,2700.0,IC50,2.7
N#Cc1cc(NC(=O)Nc2nnc(-c3ccncc3)s2)ccc1F,CHEMBL2426169,=,=,IC50,2200.0,IC50,2.2
N#Cc1cc(NC(=O)Nc2nnc(-c3ccncc3)s2)ccc1-c1cn[nH]c1,CHEMBL2426174,=,=,IC50,7100.0,IC50,7.1
O=C(Nc1ccc(F)c(C(F)(F)F)c1)Nc1nnc(-c2ccncc2)s1,CHEMBL2426168,=,=,IC50,5000.0,IC50,5.0
CCC(=O)OCN1C(=O)C=CC1=O,CHEMBL1374426,=,=,IC50,20000.0,IC50,20.0
CCC(=O)OCN1C(=O)C=CC1=O,CHEMBL1374426,=,=,IC50,3000.0,IC50,3.0
CCc1sc(C(C2=C(O)CC(C)(C)CC2=O)C2=C(O)CC(C)(C)CC2=O)cc1[N+](=O)[O-],CHEMBL5569532,=,=,IC50,49630.0,IC50,49.63
CCc1sc(C(C2=C(O)CCCC2=O)C2=C(O)CCCC2=O)cc1[N+](=O)[O-],CHEMBL5571040,=,=,IC50,77010.0,IC50,77.01
CCc1ccc(C(C2=C(O)CC(C)(C)CC2=O)C2=C(O)CC(C)(C)CC2=O)s1,CHEMBL5584137,=,=,IC50,64030.0,IC50,64.03
CC1(C)CC(=O)C(C(C2=C(O)CC(C)(C)CC2=O)c2ccc(Cl)s2)=C(O)C1,CHEMBL5570424,=,=,IC50,25730.0,IC50,25.73
CC1(C)CC(=O)C(C(C2=C(O)CC(C)(C)CC2=O)c2ccc(Br)s2)=C(O)C1,CHEMBL5595871,=,=,IC50,24320.0,IC50,24.32
CC1(C)CC(=O)C(C(C2=C(O)CC(C)(C)CC2=O)c2ccc(I)s2)=C(O)C1,CHEMBL5570090,=,=,IC50,22430.0,IC50,22.43
CC1(C)CC(=O)C(C(C2=C(O)CC(C)(C)CC2=O)c2ccc(-c3cccnc3)s2)=C(O)C1,CHEMBL5593004,=,=,IC50,30280.0,IC50,30.28
CC1(C)CC(=O)C(C(C2=C(O)CC(C)(C)CC2=O)c2ccc(-c3ccc(-c4ccc(Br)s4)s3)s2)=C(O)C1,CHEMBL5575239,=,=,IC50,26190.0,IC50,26.19
CC1(C)CC(=O)C(C(C2=C(O)CC(C)(C)CC2=O)c2ccc(-c3ccccc3)s2)=C(O)C1,CHEMBL5574127,=,=,IC50,28990.0,IC50,28.99
CC1(C)CC(=O)C(C(C2=C(O)CC(C)(C)CC2=O)c2ccc(-c3ccc4ccccc4c3)s2)=C(O)C1,CHEMBL5595204,=,=,IC50,82330.0,IC50,82.33
COc1ccc2cc(-c3ccc(C(C4=C(O)CC(C)(C)CC4=O)C4=C(O)CC(C)(C)CC4=O)s3)ccc2c1,CHEMBL5572836,=,=,IC50,22510.0,IC50,22.51
CC1(C)CC(=O)C(C(C2=C(O)CC(C)(C)CC2=O)c2ccc(Cc3ccccc3)s2)=C(O)C1,CHEMBL5569477,=,=,IC50,19600.0,IC50,19.6
CC1(C)CC(=O)C(C(C2=C(O)CC(C)(C)CC2=O)c2ccc(CCc3ccccc3)s2)=C(O)C1,CHEMBL5570953,=,=,IC50,3019.0,IC50,3.019
Cc1ccc(S(=O)(=O)c2ccc(C(C3=C(O)CC(C)(C)CC3=O)C3=C(O)CC(C)(C)CC3=O)s2)cc1,CHEMBL5568780,=,=,IC50,18670.0,IC50,18.67
CC1(C)CC(=O)C(C(C2=C(O)CC(C)(C)CC2=O)c2ccc(-c3ccc(F)cc3)s2)=C(O)C1,CHEMBL5567567,=,=,IC50,25890.0,IC50,25.89
CC1(C)CC(=O)C(C(C2=C(O)CC(C)(C)CC2=O)c2ccc(-c3ccc(C(F)(F)F)cc3)s2)=C(O)C1,CHEMBL5574321,=,=,IC50,19750.0,IC50,19.75
CC1(C)CC(=O)C(C(C2=C(O)CC(C)(C)CC2=O)c2ccc(-c3ccc(Cl)cc3)s2)=C(O)C1,CHEMBL5572322,=,=,IC50,25520.0,IC50,25.52
CCc1ccc(-c2ccc(C(C3=C(O)CC(C)(C)CC3=O)C3=C(O)CC(C)(C)CC3=O)s2)cc1,CHEMBL5571236,=,=,IC50,35380.0,IC50,35.38
CC1(C)CC(=O)C(C(C2=C(O)CC(C)(C)CC2=O)c2ccc(-c3ccc(C(C)(C)C)cc3)s2)=C(O)C1,CHEMBL5593718,=,=,IC50,28600.0,IC50,28.6
CCOC(=O)c1ccc(-c2ccc(C(C3=C(O)CC(C)(C)CC3=O)C3=C(O)CC(C)(C)CC3=O)s2)cc1,CHEMBL5571412,=,=,IC50,12780.0,IC50,12.78
CC1(C)CC(=O)C(C(C2=C(O)CC(C)(C)CC2=O)c2ccc(-c3ccc(-c4ccccc4)cc3)s2)=C(O)C1,CHEMBL5570782,=,=,IC50,20780.0,IC50,20.78
COc1ccc(-c2ccc(C(C3=C(O)CC(C)(C)CC3=O)C3=C(O)CC(C)(C)CC3=O)s2)cc1,CHEMBL5569058,=,=,IC50,45980.0,IC50,45.98
CCOc1ccc(-c2ccc(C(C3=C(O)CC(C)(C)CC3=O)C3=C(O)CC(C)(C)CC3=O)s2)cc1,CHEMBL5564300,=,=,IC50,2305.0,IC50,2.305
COCc1ccc(-c2ccc(C(C3=C(O)CC(C)(C)CC3=O)C3=C(O)CC(C)(C)CC3=O)s2)cc1,CHEMBL5594864,=,=,IC50,52040.0,IC50,52.04
CC1(C)CC(=O)C(C(C2=C(O)CC(C)(C)CC2=O)c2ccc(-c3cccc(F)c3)s2)=C(O)C1,CHEMBL5568880,=,=,IC50,23570.0,IC50,23.57
CC1(C)CC(=O)C(C(C2=C(O)CC(C)(C)CC2=O)c2ccc(-c3ccccc3F)s2)=C(O)C1,CHEMBL5593693,=,=,IC50,39070.0,IC50,39.07
CCOc1cccc(-c2ccc(C(C3=C(O)CC(C)(C)CC3=O)C3=C(O)CC(C)(C)CC3=O)s2)c1,CHEMBL5572408,=,=,IC50,20290.0,IC50,20.29
CCOc1cccc(-c2sc(C(C3=C(O)CC(C)(C)CC3=O)C3=C(O)CC(C)(C)CC3=O)cc2[N+](=O)[O-])c1,CHEMBL5572748,=,=,IC50,41450.0,IC50,41.45
CCC(=O)OCN1C(=O)C=CC1=O,CHEMBL1374426,=,=,IC50,20000.0,IC50,20.0
CC(C)(CN1C(=O)C(Cl)=C(Cl)C1=O)CN1C(=O)C(Cl)=C(Cl)C1=O,CHEMBL1968672,=,=,IC50,230.0,IC50,0.23
COc1ccc2nc(O)c(-c3noc(-c4ccc(F)cc4)n3)cc2c1,CHEMBL1399711,=,=,IC50,13000.0,IC50,13.0
COc1ccc2nc(O)c(-c3noc(-c4ccccc4)n3)cc2c1,CHEMBL1353989,=,=,IC50,2300.0,IC50,2.3
Cc1ccc(NC(=O)CN2C(=O)N/C(=C/c3ccccc3OCc3cccc(C(=O)O)c3)C2=O)cc1,CHEMBL1367248,=,=,IC50,9800.0,IC50,9.8
O=C1/C(=C2\Nc3ccc(S(=O)(=O)O)cc3C2=O)Nc2ccc(S(=O)(=O)O)cc21,CHEMBL1091250,=,=,IC50,200.0,IC50,0.2
Cc1ccc(NC(=O)CN2C(=O)N/C(=C/c3ccccc3OCc3cccc(C(=O)O)c3)C2=O)cc1,CHEMBL1367248,=,=,IC50,15800.0,IC50,15.8
O=C1/C(=C2\Nc3ccc(S(=O)(=O)O)cc3C2=O)Nc2ccc(S(=O)(=O)O)cc21,CHEMBL1091250,=,=,IC50,5000.0,IC50,5.0
CCC(=O)OCN1C(=O)C=CC1=O,CHEMBL1374426,=,=,IC50,10400.0,IC50,10.4
CC(C)(CN1C(=O)C(Cl)=C(Cl)C1=O)CN1C(=O)C(Cl)=C(Cl)C1=O,CHEMBL1968672,=,=,IC50,88700.0,IC50,88.7
CCc1c(N2CCN(C(=O)c3ccncc3O)CC2)c(=O)n2nc(C3=CCOCC3)nc2n1CC(=O)Nc1ccc(C(F)(F)F)cc1C,CHEMBL6150246,=,=,IC50,119.0,IC50,119.0
CCc1c(N2CCN(C(=O)c3ncccc3N)CC2)c(=O)n2nc(C3=CCOCC3)nc2n1CC(=O)Nc1ccc(C(F)(F)F)cc1C,CHEMBL6151364,=,=,IC50,155.0,IC50,155.0
CCc1c(N2CCN(Cc3ncccc3O)CC2)c(=O)n2nc(C3=CCOCC3)nc2n1CC(=O)Nc1ccc(C(F)(F)F)cc1C,CHEMBL6148383,=,=,IC50,3300.0,IC50,3300.0
CCc1c(N2CCN(C(=O)C3=C4NC=CC4CC=N3)CC2)c(=O)n2nc(C3=CCOCC3)nc2n1CC(=O)Nc1ccc(C(F)(F)F)cc1C,CHEMBL6166435,=,=,IC50,19.8,IC50,19.8
CCc1c(N2CCN(C(=O)C3=C4NN=CC4CC=N3)CC2)c(=O)n2nc(C3=CCOCC3)nc2n1CC(=O)Nc1ccc(C(F)(F)F)cc1C,CHEMBL6134609,=,=,IC50,37.9,IC50,37.9
CCc1c(N2CCN(C(=O)C3=C4NC=NC4CC=N3)CC2)c(=O)n2nc(C3=CCOCC3)nc2n1CC(=O)Nc1ccc(C(F)(F)F)cc1C,CHEMBL6145855,=,=,IC50,17.2,IC50,17.2
CCc1c(N2CCN(C(=O)c3cncc4cc[nH]c34)CC2)c(=O)n2nc(C3=CCOCC3)nc2n1CC(=O)Nc1ccc(C(F)(F)F)cc1C,CHEMBL6163911,=,=,IC50,123.0,IC50,123.0
CCc1c(N2CCN(C(=O)c3ccnc4cc[nH]c34)CC2)c(=O)n2nc(C3=CCOCC3)nc2n1CC(=O)Nc1ccc(C(F)(F)F)cc1C,CHEMBL6162993,=,=,IC50,49.1,IC50,49.1
CCc1c(N2CCN(C(=O)c3cccc4cc[nH]c34)CC2)c(=O)n2nc(C3=CCOCC3)nc2n1CC(=O)Nc1ccc(C(F)(F)F)cc1C,CHEMBL6120422,=,=,IC50,50.3,IC50,50.3
CCc1c(N2CCN(C(=O)c3cccc4[nH]ccc34)CC2)c(=O)n2nc(C3=CCOCC3)nc2n1CC(=O)Nc1ccc(C(F)(F)F)cc1C,CHEMBL6142963,=,=,IC50,33.3,IC50,33.3
CCc1c(N2CCN(C(=O)c3ncc(Cl)c4cc[nH]c34)CC2)c(=O)n2nc(C3=CCOCC3)nc2n1CC(=O)Nc1ccc(C(F)(F)F)cc1C,CHEMBL6160824,>,>,IC50,4000.0,IC50,4000.0
CCc1c(N2CCN(C(=O)c3nccc4c(Br)c[nH]c34)CC2)c(=O)n2nc(C3=CCOCC3)nc2n1CC(=O)Nc1ccc(C(F)(F)F)cc1C,CHEMBL6142185,=,=,IC50,3320.0,IC50,3320.0
CCc1c(N2CCN(C(=O)c3ncc(Br)c4cc[nH]c34)CC2)c(=O)n2nc(C3=CCOCC3)nc2n1CC(=O)Nc1ccc(C(F)(F)F)cc1C,CHEMBL6166712,>,>,IC50,4000.0,IC50,4000.0
CCc1c(N2CCN(C(=O)c3ncc(C)c4cc[nH]c34)CC2)c(=O)n2nc(C3=CCOCC3)nc2n1CC(=O)Nc1ccc(C(F)(F)F)cc1C,CHEMBL6120418,=,=,IC50,441.0,IC50,441.0
CCc1c(N2CCN(C(=O)c3cnc(Cl)c4cc[nH]c34)CC2)c(=O)n2nc(C3=CCOCC3)nc2n1CC(=O)Nc1ccc(C(F)(F)F)cc1C,CHEMBL6144804,=,=,IC50,1110.0,IC50,1110.0
CCc1c(N2CCN(C(=O)c3ncccc3O)CC2)c(=O)n2nc(C3=CCOCC3)nc2n1CC(=O)Nc1ccc(C(F)(F)F)cc1C,CHEMBL6152781,=,=,IC50,35.9,IC50,35.9
CCc1c(N2CCN(C(=O)c3ncnc(C)c3O)CC2)c(=O)n2nc(C3=CCOCC3)nc2n1CC(=O)Nc1ccc(C(F)(F)F)cc1Cl,CHEMBL6068555,=,=,IC50,30.8,IC50,30.8
CCc1c(N2CCN(C(=O)c3ncccc3O)CC2)c(=O)n2nc(N3CC(C#N)C3)nc2n1CC(=O)Nc1ccc(C(F)(F)F)cc1C,CHEMBL6120646,=,=,IC50,960.0,IC50,960.0
CCc1c(N2CCN(C(=O)c3ncccc3O)CC2)c(=O)n2nc(N3CC(S(C)(=O)=O)C3)nc2n1CC(=O)Nc1ccc(C(F)(F)F)cc1C,CHEMBL6143480,=,=,IC50,1300.0,IC50,1300.0
CCc1c(N2CCN(C(=O)c3ncccc3O)CC2)c(=O)n2nc(N3CC(OC)C3)nc2n1CC(=O)Nc1ccc(C(F)(F)F)cc1C,CHEMBL6164786,=,=,IC50,335.0,IC50,335.0
CCc1c(N2CCN(C(=O)c3ncccc3O)CC2)c(=O)n2nc(N3CC(COC)C3)nc2n1CC(=O)Nc1ccc(C(F)(F)F)cc1C,CHEMBL6163175,=,=,IC50,453.0,IC50,453.0
CCc1c(N2CCN(C(=O)c3ncccc3O)CC2)c(=O)n2nc(N3CC4(COC4)C3)nc2n1CC(=O)Nc1ccc(C(F)(F)F)cc1C,CHEMBL6114918,=,=,IC50,760.0,IC50,760.0
CCc1c(N2CCN(C(=O)c3ncccc3O)CC2)c(=O)n2nc(N3CC4(CCCO4)C3)nc2n1CC(=O)Nc1ccc(C(F)(F)F)cc1C,CHEMBL6144391,=,=,IC50,621.0,IC50,621.0
CCc1c(N2CCN(C(=O)c3ncccc3O)CC2)c(=O)n2nc(N3CCC4(CCCO4)CC3)nc2n1CC(=O)Nc1ccc(C(F)(F)F)cc1C,CHEMBL6145103,=,=,IC50,59.4,IC50,59.4
CCc1c(N2CCN(C(=O)c3ncccc3O)CC2)c(=O)n2nc(N3CCC4(CCCCO4)C3)nc2n1CC(=O)Nc1ccc(C(F)(F)F)cc1C,CHEMBL6102398,=,=,IC50,270.0,IC50,270.0
CCc1c(N2CCN(C(=O)c3ncccc3O)CC2)c(=O)n2nc(N3CCC4(CCCCO4)CC3)nc2n1CC(=O)Nc1ccc(C(F)(F)F)cc1C,CHEMBL6142101,=,=,IC50,19.3,IC50,19.3
CCc1c(N2CCN(C(=O)c3ncccc3O)CC2)c(=O)n2nc(N3CCC4(CCOC4)CC3)nc2n1CC(=O)Nc1ccc(C(F)(F)F)cc1C,CHEMBL6162664,=,=,IC50,201.0,IC50,201.0
CCc1c(N2CCN(C(=O)c3ncccc3O)CC2)c(=O)n2nc(N3CCC4(CCCOC4)CC3)nc2n1CC(=O)Nc1ccc(C(F)(F)F)cc1C,CHEMBL6168099,=,=,IC50,25.1,IC50,25.1
CCc1c(N2CCN(C(=O)c3ncccc3O)CC2)c(=O)n2nc(N3CCC4(CCOCC4)CC3)nc2n1CC(=O)Nc1ccc(C(F)(F)F)cc1C,CHEMBL6152543,=,=,IC50,37.7,IC50,37.7
CCc1c(N2CCN(C(=O)c3ncccc3O)CC2)c(=O)n2nc(N3CCC4(CCCCC4)CC3)nc2n1CC(=O)Nc1ccc(C(F)(F)F)cc1C,CHEMBL6133237,=,=,IC50,25.4,IC50,25.4
CCc1c(N2CCN(C(=O)c3ncccc3O)CC2)c(=O)n2nc(N3CCC4(CC3)CC4(F)F)nc2n1CC(=O)Nc1ccc(C(F)(F)F)cc1C,CHEMBL6165689,=,=,IC50,62.5,IC50,62.5
CCc1c(N2CCN(C(=O)c3ncccc3O)CC2)c(=O)n2nc(C3=CCC4(CCCO4)CC3)nc2n1CC(=O)Nc1ccc(C(F)(F)F)cc1C,CHEMBL6147675,=,=,IC50,23.1,IC50,23.1
CCc1c(N2CCN(C(=O)c3nc(C)ccc3O)CC2)c(=O)n2nc(N3CCC4(CCCCO4)CC3)nc2n1CC(=O)Nc1ccc(C(F)(F)F)cc1C,CHEMBL6167273,=,=,IC50,107.0,IC50,107.0
CCc1c(N2CCN(C(=O)c3nc(C4CC4)ccc3O)CC2)c(=O)n2nc(N3CCC4(CCCCO4)CC3)nc2n1CC(=O)Nc1ccc(C(F)(F)F)cc1C,CHEMBL6142046,=,=,IC50,156.0,IC50,156.0
CCc1c(N2CCN(C(=O)c3ncnc(OC)c3O)CC2)c(=O)n2nc(N3CCC4(CCCCO4)CC3)nc2n1CC(=O)Nc1ccc(C(F)(F)F)cc1C,CHEMBL6102278,=,=,IC50,56.0,IC50,56.0
CCc1c(N2CCN(C(=O)c3ncnc(C)c3O)CC2)c(=O)n2nc(N3CCC4(CCCCO4)CC3)nc2n1CC(=O)Nc1ccc(C(F)(F)F)cc1C,CHEMBL6148625,=,=,IC50,77.0,IC50,77.0
CCc1c(N2CCN(C(=O)c3ncnc(C)c3O)CC2)c(=O)n2nc(N3CCC4(CCCCO4)CC3)nc2n1CC(=O)Nc1ccc(C(F)(F)F)cc1F,CHEMBL6149499,=,=,IC50,16.1,IC50,16.1
CCc1c(N2CCN(C(=O)c3ncnc(C)c3O)CC2)c(=O)n2nc(N3CCC4(CCCCO4)CC3)nc2n1CC(=O)Nc1ccc(C(F)(F)F)cc1Cl,CHEMBL6145192,=,=,IC50,17.3,IC50,17.3
CCc1c(N2CCN(C(=O)c3ncnc(C)c3O)CC2)c(=O)n2nc(N3CCC4(CCCCO4)CC3)nc2n1CC(=O)Nc1ccc(C(F)(F)F)cc1,CHEMBL6167823,=,=,IC50,23.1,IC50,23.1
CCc1c(N2CCN(C(=O)c3ncnc(C)c3O)CC2)c(=O)n2nc(N3CCC4(CCCCO4)CC3)nc2n1CC(=O)Nc1ccc(C2CC2)cc1,CHEMBL6143893,=,=,IC50,41.7,IC50,41.7
CCc1c(N2CCN(C(=O)c3ncnc(C)c3O)CC2)c(=O)n2nc(N3CCC4(CCCCO4)CC3)nc2n1CC(=O)Nc1ccc(OC)cc1,CHEMBL6142983,=,=,IC50,102.0,IC50,102.0
CCc1c(N2CCN(C(=O)c3ccncc3O)CC2)c(=O)n2nc(C3=CCOCC3)nc2n1CC(=O)Nc1ccc(C(F)(F)F)cc1C,CHEMBL6150246,=,=,IC50,227.0,IC50,227.0
CCc1c(N2CCN(C(=O)c3ncccc3N)CC2)c(=O)n2nc(C3=CCOCC3)nc2n1CC(=O)Nc1ccc(C(F)(F)F)cc1C,CHEMBL6151364,=,=,IC50,95.6,IC50,95.6
CCc1c(N2CCN(Cc3ncccc3O)CC2)c(=O)n2nc(C3=CCOCC3)nc2n1CC(=O)Nc1ccc(C(F)(F)F)cc1C,CHEMBL6148383,>,>,IC50,5000.0,IC50,5000.0
CCc1c(N2CCN(C(=O)C3=C4NC=CC4CC=N3)CC2)c(=O)n2nc(C3=CCOCC3)nc2n1CC(=O)Nc1ccc(C(F)(F)F)cc1C,CHEMBL6166435,=,=,IC50,17.0,IC50,17.0
CCc1c(N2CCN(C(=O)C3=C4NN=CC4CC=N3)CC2)c(=O)n2nc(C3=CCOCC3)nc2n1CC(=O)Nc1ccc(C(F)(F)F)cc1C,CHEMBL6134609,=,=,IC50,68.5,IC50,68.5
CCc1c(N2CCN(C(=O)C3=C4NC=NC4CC=N3)CC2)c(=O)n2nc(C3=CCOCC3)nc2n1CC(=O)Nc1ccc(C(F)(F)F)cc1C,CHEMBL6145855,=,=,IC50,17.7,IC50,17.7
CCc1c(N2CCN(C(=O)c3cncc4cc[nH]c34)CC2)c(=O)n2nc(C3=CCOCC3)nc2n1CC(=O)Nc1ccc(C(F)(F)F)cc1C,CHEMBL6163911,=,=,IC50,157.0,IC50,157.0
CCc1c(N2CCN(C(=O)c3ccnc4cc[nH]c34)CC2)c(=O)n2nc(C3=CCOCC3)nc2n1CC(=O)Nc1ccc(C(F)(F)F)cc1C,CHEMBL6162993,=,=,IC50,27.2,IC50,27.2
CCc1c(N2CCN(C(=O)c3cccc4cc[nH]c34)CC2)c(=O)n2nc(C3=CCOCC3)nc2n1CC(=O)Nc1ccc(C(F)(F)F)cc1C,CHEMBL6120422,=,=,IC50,22.6,IC50,22.6
CCc1c(N2CCN(C(=O)c3cccc4[nH]ccc34)CC2)c(=O)n2nc(C3=CCOCC3)nc2n1CC(=O)Nc1ccc(C(F)(F)F)cc1C,CHEMBL6142963,=,=,IC50,44.0,IC50,44.0
CCc1c(N2CCN(C(=O)c3ncc(Cl)c4cc[nH]c34)CC2)c(=O)n2nc(C3=CCOCC3)nc2n1CC(=O)Nc1ccc(C(F)(F)F)cc1C,CHEMBL6160824,=,=,IC50,2260.0,IC50,2260.0
CCc1c(N2CCN(C(=O)c3ncc(Br)c4cc[nH]c34)CC2)c(=O)n2nc(C3=CCOCC3)nc2n1CC(=O)Nc1ccc(C(F)(F)F)cc1C,CHEMBL6166712,=,=,IC50,3940.0,IC50,3940.0
CCc1c(N2CCN(C(=O)c3ncc(C)c4cc[nH]c34)CC2)c(=O)n2nc(C3=CCOCC3)nc2n1CC(=O)Nc1ccc(C(F)(F)F)cc1C,CHEMBL6120418,=,=,IC50,550.0,IC50,550.0
CCc1c(N2CCN(C(=O)c3cnc(Cl)c4cc[nH]c34)CC2)c(=O)n2nc(C3=CCOCC3)nc2n1CC(=O)Nc1ccc(C(F)(F)F)cc1C,CHEMBL6144804,=,=,IC50,1240.0,IC50,1240.0
CCc1c(N2CCN(C(=O)c3ncccc3O)CC2)c(=O)n2nc(C3=CCOCC3)nc2n1CC(=O)Nc1ccc(C(F)(F)F)cc1C,CHEMBL6152781,=,=,IC50,32.3,IC50,32.3
CCc1c(N2CCN(C(=O)c3ncnc(C)c3O)CC2)c(=O)n2nc(C3=CCOCC3)nc2n1CC(=O)Nc1ccc(C(F)(F)F)cc1Cl,CHEMBL6068555,=,=,IC50,29.8,IC50,29.8
CCc1c(N2CCN(C(=O)c3ncccc3O)CC2)c(=O)n2nc(N3CC(OC)C3)nc2n1CC(=O)Nc1ccc(C(F)(F)F)cc1C,CHEMBL6164786,=,=,IC50,414.0,IC50,414.0
CCc1c(N2CCN(C(=O)c3ncccc3O)CC2)c(=O)n2nc(N3CC(COC)C3)nc2n1CC(=O)Nc1ccc(C(F)(F)F)cc1C,CHEMBL6163175,=,=,IC50,456.0,IC50,456.0
CCc1c(N2CCN(C(=O)c3ncccc3O)CC2)c(=O)n2nc(N3CC4(COC4)C3)nc2n1CC(=O)Nc1ccc(C(F)(F)F)cc1C,CHEMBL6114918,=,=,IC50,781.0,IC50,781.0
CCc1c(N2CCN(C(=O)c3ncccc3O)CC2)c(=O)n2nc(N3CCC4(CCCO4)CC3)nc2n1CC(=O)Nc1ccc(C(F)(F)F)cc1C,CHEMBL6145103,=,=,IC50,77.7,IC50,77.7
CCc1c(N2CCN(C(=O)c3ncccc3O)CC2)c(=O)n2nc(N3CCC4(CCCCO4)CC3)nc2n1CC(=O)Nc1ccc(C(F)(F)F)cc1C,CHEMBL6142101,=,=,IC50,21.8,IC50,21.8
CCc1c(N2CCN(C(=O)c3ncccc3O)CC2)c(=O)n2nc(N3CCC4(CCCOC4)CC3)nc2n1CC(=O)Nc1ccc(C(F)(F)F)cc1C,CHEMBL6168099,=,=,IC50,28.3,IC50,28.3
CCc1c(N2CCN(C(=O)c3ncccc3O)CC2)c(=O)n2nc(N3CCC4(CCOCC4)CC3)nc2n1CC(=O)Nc1ccc(C(F)(F)F)cc1C,CHEMBL6152543,=,=,IC50,42.2,IC50,42.2
CCc1c(N2CCN(C(=O)c3ncccc3O)CC2)c(=O)n2nc(N3CCC4(CCCCC4)CC3)nc2n1CC(=O)Nc1ccc(C(F)(F)F)cc1C,CHEMBL6133237,=,=,IC50,19.4,IC50,19.4
CCc1c(N2CCN(C(=O)c3ncccc3O)CC2)c(=O)n2nc(N3CCC4(CC3)CC4(F)F)nc2n1CC(=O)Nc1ccc(C(F)(F)F)cc1C,CHEMBL6165689,=,=,IC50,46.7,IC50,46.7
CCc1c(N2CCN(C(=O)c3ncccc3O)CC2)c(=O)n2nc(C3=CCC4(CCCO4)CC3)nc2n1CC(=O)Nc1ccc(C(F)(F)F)cc1C,CHEMBL6147675,=,=,IC50,34.3,IC50,34.3
CCc1c(N2CCN(C(=O)c3nc(C)ccc3O)CC2)c(=O)n2nc(N3CCC4(CCCCO4)CC3)nc2n1CC(=O)Nc1ccc(C(F)(F)F)cc1C,CHEMBL6167273,=,=,IC50,139.0,IC50,139.0
CCc1c(N2CCN(C(=O)c3nc(C4CC4)ccc3O)CC2)c(=O)n2nc(N3CCC4(CCCCO4)CC3)nc2n1CC(=O)Nc1ccc(C(F)(F)F)cc1C,CHEMBL6142046,=,=,IC50,133.0,IC50,133.0
CCc1c(N2CCN(C(=O)c3ncnc(OC)c3O)CC2)c(=O)n2nc(N3CCC4(CCCCO4)CC3)nc2n1CC(=O)Nc1ccc(C(F)(F)F)cc1C,CHEMBL6102278,=,=,IC50,31.7,IC50,31.7
CCc1c(N2CCN(C(=O)c3ncnc(C)c3O)CC2)c(=O)n2nc(N3CCC4(CCCCO4)CC3)nc2n1CC(=O)Nc1ccc(C(F)(F)F)cc1C,CHEMBL6148625,=,=,IC50,120.0,IC50,120.0
CCc1c(N2CCN(C(=O)c3ncnc(C)c3O)CC2)c(=O)n2nc(N3CCC4(CCCCO4)CC3)nc2n1CC(=O)Nc1ccc(C(F)(F)F)cc1F,CHEMBL6149499,=,=,IC50,23.5,IC50,23.5
CCc1c(N2CCN(C(=O)c3ncnc(C)c3O)CC2)c(=O)n2nc(N3CCC4(CCCCO4)CC3)nc2n1CC(=O)Nc1ccc(C(F)(F)F)cc1Cl,CHEMBL6145192,=,=,IC50,11.7,IC50,11.7
CCc1c(N2CCN(C(=O)c3ncnc(C)c3O)CC2)c(=O)n2nc(N3CCC4(CCCCO4)CC3)nc2n1CC(=O)Nc1ccc(C(F)(F)F)cc1,CHEMBL6167823,=,=,IC50,17.8,IC50,17.8
CCc1c(N2CCN(C(=O)c3ncnc(C)c3O)CC2)c(=O)n2nc(N3CCC4(CCCCO4)CC3)nc2n1CC(=O)Nc1ccc(C2CC2)cc1,CHEMBL6143893,=,=,IC50,16.2,IC50,16.2
CCc1c(N2CCN(C(=O)c3ncnc(C)c3O)CC2)c(=O)n2nc(N3CCC4(CCCCO4)CC3)nc2n1CC(=O)Nc1ccc(OC)cc1,CHEMBL6142983,=,=,IC50,84.5,IC50,84.5
CCC(=O)OCN1C(=O)C=CC1=O,CHEMBL1374426,=,=,IC50,20000.0,IC50,20.0
CC(C)(CN1C(=O)C(Cl)=C(Cl)C1=O)CN1C(=O)C(Cl)=C(Cl)C1=O,CHEMBL1968672,=,=,IC50,230.0,IC50,0.23
O=C(Nc1ccc(F)c(C(F)(F)F)c1)Nc1nnc(-c2ccncc2)s1,CHEMBL2426168,=,=,IC50,5000.0,IC50,5.0
COc1ccc2nc(O)c(-c3noc(-c4ccc(F)cc4)n3)cc2c1,CHEMBL1399711,=,=,IC50,2300.0,IC50,2.3
COc1ccc2nc(O)c(-c3noc(-c4ccccc4)n3)cc2c1,CHEMBL1353989,=,=,IC50,13000.0,IC50,13.0
CCc1ccc(NC(=O)CNS(=O)(=O)c2nc(-c3ccc(OC(F)(F)F)cc3)cc(C(F)(F)F)n2)cc1,CHEMBL6143539,=,=,IC50,12.0,IC50,12.0
CS(=O)(=O)CC[C@@H](NC(=O)c1cnc(C(F)(F)F)nc1Oc1ccccc1)C1CC1,CHEMBL6166922,=,=,IC50,140.0,IC50,0.14
CS(=O)(=O)CC[C@@H](NC(=O)c1cnc(C(F)(F)F)nc1Oc1ccccc1)C1CC1,CHEMBL6166922,=,=,IC50,140.0,IC50,0.14
CCc1c(N2CCN(C(=O)c3ncnc(C)c3O)CC2)c(=O)n2nc(C3=CCOCC3)nc2n1CC(=O)Nc1ccc(C(F)(F)F)cc1Cl,CHEMBL6068555,=,=,IC50,100.0,IC50,100.0
CCc1c(N2CCN(C(=O)c3ncnc(C)c3O)CC2)c(=O)n2nc(C3=CCOCC3)nc2n1CC(=O)Nc1ccc(C(F)(F)F)cc1Cl,CHEMBL6068555,=,=,IC50,88.0,IC50,0.088
CCc1c(N2CCN(C(=O)c3cccc4nc[nH]c34)CC2)c(=O)n2nc(C3=CCOCC3)nc2n1CC(=O)Nc1ccc(C(F)(F)F)cc1Cl,CHEMBL6189670,=,=,IC50,5.0,IC50,0.005
CCc1c(N2CCN(C(=O)c3nccc4nc[nH]c34)CC2)c(=O)n2nc(C3=CCOCC3)nc2n1CC(=O)Nc1ccc(C(F)(F)F)cc1Cl,CHEMBL6189651,=,=,IC50,29.0,IC50,0.029
CCc1c(N2CCN(C(=O)c3nccc4cc[nH]c34)CC2)c(=O)n2nc(C3=CCOCC3)nc2n1CC(=O)Nc1ccc(C(F)(F)F)cc1Cl,CHEMBL6190376,=,=,IC50,32.0,IC50,0.032
CCc1c(N2CCN(C(=O)c3nccc4cn[nH]c34)CC2)c(=O)n2nc(C3=CCOCC3)nc2n1CC(=O)Nc1ccc(C(F)(F)F)cc1Cl,CHEMBL6188722,=,=,IC50,10.0,IC50,0.01
CCc1c(N2CCN(C(=O)c3cc(Cl)cc4[nH]cnc34)CC2)c(=O)n2nc(C3=CCOCC3)nc2n1CC(=O)Nc1ccc(C(F)(F)F)cc1Cl,CHEMBL6189259,=,=,IC50,50.0,IC50,0.05
CCc1c(N2CCN(C(=O)c3cc(Br)cc4[nH]cnc34)CC2)c(=O)n2nc(C3=CCOCC3)nc2n1CC(=O)Nc1ccc(C(F)(F)F)cc1Cl,CHEMBL6188815,=,=,IC50,50.0,IC50,0.05
CCc1c(N2CCN(C(=O)c3ncnc4cc[nH]c34)CC2)c(=O)n2nc(C3=CCOCC3)nc2n1CC(=O)Nc1ccc(C(F)(F)F)cc1Cl,CHEMBL6190262,=,=,IC50,9.0,IC50,0.009
CCc1c(N2CCN(C(=O)c3cc4[nH]ccc4cn3)CC2)c(=O)n2nc(C3=CCOCC3)nc2n1CC(=O)Nc1ccc(C(F)(F)F)cc1Cl,CHEMBL6188838,=,=,IC50,71.0,IC50,0.071
CCc1c(N2CCN(C(=O)c3cc4ncccc4[nH]3)CC2)c(=O)n2nc(C3=CCOCC3)nc2n1CC(=O)Nc1ccc(C(F)(F)F)cc1Cl,CHEMBL6190298,=,=,IC50,8.0,IC50,0.008
CCc1c(N2CCN(C(=O)c3nc4cccnc4[nH]3)CC2)c(=O)n2nc(C3=CCOCC3)nc2n1CC(=O)Nc1ccc(C(F)(F)F)cc1Cl,CHEMBL6192156,=,=,IC50,31.0,IC50,0.031
CCc1c(N2CCN(C(=O)c3nc4nc(Cl)ccc4[nH]3)CC2)c(=O)n2nc(C3=CCOCC3)nc2n1CC(=O)Nc1ccc(C(F)(F)F)cc1Cl,CHEMBL6191248,=,=,IC50,42.0,IC50,0.042
CCc1c(N2CCN(C(=O)C3=CC4C=CC=NC4N3)CC2)c(=O)n2nc(C3=CCOCC3)nc2n1CC(=O)Nc1ccc(C(F)(F)F)cc1Cl,CHEMBL6191711,=,=,IC50,194.0,IC50,0.194
CCc1c(N2CCN(C(=O)c3ccc4cccc(O)c4n3)CC2)c(=O)n2nc(C3=CCOCC3)nc2n1CC(=O)Nc1ccc(C(F)(F)F)cc1Cl,CHEMBL6190409,=,=,IC50,186.0,IC50,0.186
CCc1c(N2CCN(C(=O)c3cccc4cc[nH]c34)CC2)c(=O)n2nc(C3=CCOCC3)nc2n1CC(=O)Nc1ccc(C(F)(F)F)cc1Cl,CHEMBL6192322,=,=,IC50,223.0,IC50,0.223
CCc1c(N2CCN(C(=O)c3cnc4ccccc4c3O)CC2)c(=O)n2nc(C3=CCOCC3)nc2n1CC(=O)Nc1ccc(C(F)(F)F)cc1Cl,CHEMBL6191855,=,=,IC50,129.0,IC50,0.129
CCc1c(N2CCN(c3ncnc4cccnc34)CC2)c(=O)n2nc(C3=CCOCC3)nc2n1CC(=O)Nc1ccc(C(F)(F)F)cc1Cl,CHEMBL6189711,=,=,IC50,150200.0,IC50,150.2
CCc1c(N2CCN(C(=O)c3noc4ccccc34)CC2)c(=O)n2nc(C3=CCOCC3)nc2n1CC(=O)Nc1ccc(C(F)(F)F)cc1Cl,CHEMBL6192812,=,=,IC50,2371.0,IC50,2.371
CCc1c(N2CCN(C(=O)c3nc4ccccc4[nH]3)CC2)c(=O)n2nc(C3=CCOCC3)nc2n1CC(=O)Nc1ccc(C(F)(F)F)cc1Cl,CHEMBL6189507,=,=,IC50,379.0,IC50,0.379
CCc1c(N2CCN(C(=O)c3cc4nc(Br)ccc4[nH]3)CC2)c(=O)n2nc(C3=CCOCC3)nc2n1CC(=O)Nc1ccc(C(F)(F)F)cc1Cl,CHEMBL6188538,=,=,IC50,205.0,IC50,0.205
CCc1c(N2CCN(C(=O)c3cc4ncc(Br)cc4[nH]3)CC2)c(=O)n2nc(C3=CCOCC3)nc2n1CC(=O)Nc1ccc(C(F)(F)F)cc1Cl,CHEMBL6193240,=,=,IC50,128.0,IC50,0.128
CCc1c(N2CCN(C(=O)c3cc4nc(C(F)(F)F)ccc4[nH]3)CC2)c(=O)n2nc(C3=CCOCC3)nc2n1CC(=O)Nc1ccc(C(F)(F)F)cc1Cl,CHEMBL6193213,=,=,IC50,597.0,IC50,0.597
CCc1c(N2CCN(C(=O)c3cc4nc(OC)ccc4[nH]3)CC2)c(=O)n2nc(C3=CCOCC3)nc2n1CC(=O)Nc1ccc(C(F)(F)F)cc1Cl,CHEMBL6193125,=,=,IC50,9196.0,IC50,9.196
CCc1c(N2CCN(C(=O)c3cc4nc(Cl)ccc4[nH]3)CC2)c(=O)n2nc(C3=CCOCC3)nc2n1CC(=O)Nc1ccc(C(F)(F)F)cc1Cl,CHEMBL6189708,=,=,IC50,125.0,IC50,0.125
CCc1c(N2CCN(C(=O)c3cc4ncc(Cl)cc4[nH]3)CC2)c(=O)n2nc(C3=CCOCC3)nc2n1CC(=O)Nc1ccc(C(F)(F)F)cc1Cl,CHEMBL6189223,=,=,IC50,111.0,IC50,0.111
CCc1c(N2CCN(C(=O)c3cc4cnc(Cl)cc4[nH]3)CC2)c(=O)n2nc(C3=CCOCC3)nc2n1CC(=O)Nc1ccc(C(F)(F)F)cc1Cl,CHEMBL6188457,=,=,IC50,1738.0,IC50,1.738
CCc1c(N2CCN(C(=O)c3cc4ccc(Cl)nc4[nH]3)CC2)c(=O)n2nc(C3=CCOCC3)nc2n1CC(=O)Nc1ccc(C(F)(F)F)cc1Cl,CHEMBL6191066,=,=,IC50,1248.0,IC50,1.248
CCc1c(N2CCN(C(=O)c3cc4ncncc4[nH]3)CC2)c(=O)n2nc(C3=CCOCC3)nc2n1CC(=O)Nc1ccc(C(F)(F)F)cc1Cl,CHEMBL6193669,=,=,IC50,166.0,IC50,0.166
CCc1c(N2CCN(C(=O)c3cc4ncccc4n3C)CC2)c(=O)n2nc(C3=CCOCC3)nc2n1CC(=O)Nc1ccc(C(F)(F)F)cc1Cl,CHEMBL6192212,=,=,IC50,362.0,IC50,0.362
CCc1c(N2CCN(C(=O)c3c(F)ccc4cc[nH]c34)CC2)c(=O)n2nc(C3=CCOCC3)nc2n1CC(=O)Nc1ccc(C(F)(F)F)cc1Cl,CHEMBL6191085,=,=,IC50,212.0,IC50,0.212
CCc1c(N2CCN(C(=O)c3ccc(F)c4cc[nH]c34)CC2)c(=O)n2nc(C3=CCOCC3)nc2n1CC(=O)Nc1ccc(C(F)(F)F)cc1Cl,CHEMBL6188888,=,=,IC50,647.0,IC50,0.647
CCc1c(N2CCN(C(=O)c3ccc(Cl)c4cc[nH]c34)CC2)c(=O)n2nc(C3=CCOCC3)nc2n1CC(=O)Nc1ccc(C(F)(F)F)cc1Cl,CHEMBL6188836,=,=,IC50,2246.0,IC50,2.246
CCc1c(N2CCN(C(=O)c3cc(Cl)cc4cc[nH]c34)CC2)c(=O)n2nc(C3=CCOCC3)nc2n1CC(=O)Nc1ccc(C(F)(F)F)cc1Cl,CHEMBL6189331,=,=,IC50,651.0,IC50,0.651
CCc1c(N2CCN(C(=O)c3cccc4c(CN5CCOCC5)c[nH]c34)CC2)c(=O)n2nc(C3=CCOCC3)nc2n1CC(=O)Nc1ccc(C(F)(F)F)cc1Cl,CHEMBL6192978,=,=,IC50,499.0,IC50,0.499
CCc1c(N2CCN(C(=O)c3nccc4c(CN5CCOCC5)c[nH]c34)CC2)c(=O)n2nc(C3=CCOCC3)nc2n1CC(=O)Nc1ccc(C(F)(F)F)cc1Cl,CHEMBL6193579,=,=,IC50,432.0,IC50,0.432
CCc1c(N2CCN(C(=O)c3nccc4c(Br)c[nH]c34)CC2)c(=O)n2nc(C3=CCOCC3)nc2n1CC(=O)Nc1ccc(C(F)(F)F)cc1Cl,CHEMBL6190869,=,=,IC50,568.0,IC50,0.568
O=C(Cn1c2c(c(=O)n3nc(C4=CCOCC4)nc13)C1(CCN(C(=O)c3ncccc3O)CC1)OCC2)Nc1ccc(C2CC2)cc1Cl,CHEMBL6192214,=,=,IC50,2.0,IC50,2.0
O=C(Cn1c2c(c(=O)n3nc(C4=CCOCC4)nc13)C1(CCN(C(=O)Cc3ccc(Cl)nn3)CC1)OCC2)Nc1ccc(C2CC2)cc1Cl,CHEMBL6193303,=,=,IC50,1.5,IC50,1.5
CC1CC2(CCN(C(=O)c3cc(N)[nH]n3)CC2)c2c1n(CC(=O)Nc1ccc(C(F)(F)F)cc1Cl)c1nc(C3=CCOCC3)nn1c2=O,CHEMBL6190576,=,=,IC50,1.9,IC50,1.9
CC1CC2(CCN(C(=O)c3ncccc3O)CC2)c2c1n(CC(=O)Nc1ccc(C(F)(F)F)cc1)c1nc(C3=CCOCC3)nn1c2=O,CHEMBL6189893,=,=,IC50,1.9,IC50,1.9
CC(=O)N1CC=C(c2nc3n(CC(=O)Nc4ccc(C(F)(F)F)cc4Cl)c4c(c(=O)n3n2)C2(CCN(C(=O)c3ncccc3O)CC2)CC4C)CC1,CHEMBL6192876,=,=,IC50,2.0,IC50,2.0
CC1CC2(CCN(C(=O)c3ncccc3O)CC2)c2c1n(CC(=O)Nc1ccc(C(F)(F)F)cc1Cl)c1nc(N3CCOCC3)nn1c2=O,CHEMBL6192394,=,=,IC50,1.9,IC50,1.9
CNC(=O)[C@@H](CC1CCCCC1)NC(=O)[C@@H]1CN(C(=O)Cc2ccc(C)cc2F)CC[C@@H]1NC(=O)CCn1c(=O)[nH]c2ccccc21,CHEMBL6189789,=,=,IC50,29.0,IC50,0.029
CNC(=O)[C@@H](CC1CCCCC1)NC(=O)[C@H]1CN(C(=O)Cc2ccc(C)cc2F)CC[C@H]1NC(=O)CCn1c(=O)[nH]c2ccccc21,CHEMBL6191188,>,>,IC50,30000.0,IC50,30.0
Cc1ccc(CC(=O)N2CC[C@H](NC(=O)CCn3c(=O)[nH]c4ccccc43)[C@H](C(=O)N[C@H](CC3CCCCC3)C(=O)N(C)C)C2)c(F)c1,CHEMBL6190558,=,=,IC50,17.0,IC50,0.017
Cc1ccc(CC(=O)N2CC[C@H](NC(=O)CCn3c(=O)[nH]c4ccccc43)[C@H](C(=O)N[C@H](CC3CCCCC3)C(=O)O)C2)c(F)c1,CHEMBL6191913,=,=,IC50,53.0,IC50,0.053
Cc1ccc(CC(=O)N2CC[C@H](NC(=O)CCn3c(=O)[nH]c4ccccc43)[C@H](C(=O)N[C@H](CC3CCCCC3)CN(C)C)C2)c(F)c1,CHEMBL6188872,>,>,IC50,30000.0,IC50,30.0
CNC(=O)[C@H](CC1CCCCC1)NC(=O)[C@@H]1CN(C(=O)Cc2ccc(C)cc2F)CC[C@@H]1NC(=O)CCn1c(=O)[nH]c2ccccc21,CHEMBL6190578,>,>,IC50,30000.0,IC50,30.0
Cc1ccc(CC(=O)N2CC[C@H](NC(=O)CCn3c(=O)[nH]c4ccccc43)[C@H](C(=O)NCCC3CCCCC3)C2)c(F)c1,CHEMBL6191622,>,>,IC50,30000.0,IC50,30.0
CNC(=O)[C@@H](CC(C)C)NC(=O)[C@@H]1CN(C(=O)Cc2ccc(C)cc2F)CC[C@@H]1NC(=O)CCn1c(=O)[nH]c2ccccc21,CHEMBL6189218,>,>,IC50,30000.0,IC50,30.0
Cc1ccc(CC(=O)N2CC[C@H](NC(=O)CCn3c(=O)[nH]c4ccccc43)[C@H](C(=O)N[C@@H](C(=O)O)C3CCCCC3)C2)c(F)c1,CHEMBL6189036,=,=,IC50,18000.0,IC50,18.0
Cc1ccc(CC(=O)N2CC[C@H](NC(=O)CCn3c(=O)[nH]c4ccccc43)[C@H](C(=O)N[C@H](Cc3ccccc3)C(=O)O)C2)c(F)c1,CHEMBL6192940,>,>,IC50,30000.0,IC50,30.0
Cc1ccc(CC(=O)N2CC[C@H](NC(=O)CCn3c(=O)[nH]c4ccccc43)[C@H](C(=O)N[C@H](CN3CCCCC3)C(=O)N(C)C)C2)c(F)c1,CHEMBL6192478,>,>,IC50,30000.0,IC50,30.0
Cc1ccc(CC(=O)N2CC[C@H](NC(=O)CCn3c(=O)[nH]c4ccccc43)[C@H](C(=O)N[C@H](CC3CCNCC3)C(=O)N(C)C)C2)c(F)c1,CHEMBL6190522,>,>,IC50,30000.0,IC50,30.0
CNC(=O)[C@@H](CC1CCCCC1)N(C)C(=O)[C@@H]1CN(C(=O)Cc2ccc(C)cc2F)CC[C@@H]1NC(=O)CCn1c(=O)[nH]c2ccccc21,CHEMBL6189652,>,>,IC50,28000.0,IC50,28.0
CNC(=O)[C@@H](CC1CCCCC1)NC[C@@H]1CN(C(=O)Cc2ccc(C)cc2F)CC[C@@H]1NC(=O)CCn1c(=O)[nH]c2ccccc21,CHEMBL6190630,>,>,IC50,30000.0,IC50,30.0
CNC(=O)[C@@H](CC1CCCCC1)NC(=O)[C@@H]1CN(C(=O)Cc2ccccc2)CC[C@@H]1NC(=O)CCn1c(=O)[nH]c2ccccc21,CHEMBL6192312,>,>,IC50,25000.0,IC50,25.0
CNC(=O)[C@@H](CC1CCCCC1)NC(=O)[C@@H]1CN(C(=O)Cc2ccc(C)cc2)CC[C@@H]1NC(=O)CCn1c(=O)[nH]c2ccccc21,CHEMBL6193156,=,=,IC50,39.0,IC50,0.039
CNC(=O)[C@@H](CC1CCCCC1)NC(=O)[C@@H]1CN(C(=O)Cc2ccccc2F)CC[C@@H]1NC(=O)CCn1c(=O)[nH]c2ccccc21,CHEMBL6192852,=,=,IC50,7700.0,IC50,7.7
CNC(=O)[C@@H](CC1CCCCC1)NC(=O)[C@@H]1CN(C(=O)Cc2ccc(C(F)(F)F)cc2)CC[C@@H]1NC(=O)CCn1c(=O)[nH]c2ccccc21,CHEMBL6190279,=,=,IC50,5.0,IC50,0.005
CNC(=O)[C@@H](CC1CCCCC1)NC(=O)[C@@H]1CN(C(=O)Cc2ccc(C(F)(F)F)cc2F)CC[C@@H]1NC(=O)CCn1c(=O)[nH]c2ccccc21,CHEMBL6190738,=,=,IC50,5.0,IC50,0.005
CNC(=O)[C@@H](CC1CCCCC1)NC(=O)[C@@H]1CN(C(=O)Cc2ccc(Cl)cc2F)CC[C@@H]1NC(=O)CCn1c(=O)[nH]c2ccccc21,CHEMBL6189870,=,=,IC50,15.0,IC50,0.015
CNC(=O)[C@@H](CC1CCCCC1)NC(=O)[C@@H]1CN(C(=O)Cc2ccc(OC)cc2F)CC[C@@H]1NC(=O)CCn1c(=O)[nH]c2ccccc21,CHEMBL6190026,=,=,IC50,870.0,IC50,0.87
CNC(=O)[C@@H](CC1CCCCC1)NC(=O)[C@@H]1CN(C(=O)Cc2ccc(C)nc2)CC[C@@H]1NC(=O)CCn1c(=O)[nH]c2ccccc21,CHEMBL6188392,>,>,IC50,30000.0,IC50,30.0
CNC(=O)[C@@H](CC1CCCCC1)NC(=O)[C@@H]1CN(C(=O)CC2CCC(C(F)(F)F)CC2)CC[C@@H]1NC(=O)CCn1c(=O)[nH]c2ccccc21,CHEMBL6190970,=,=,IC50,60.0,IC50,0.06
CNC(=O)[C@@H](CC1CCCCC1)NC(=O)[C@@H]1CN(C(=O)C(C)c2ccc(C)cc2F)CC[C@@H]1NC(=O)CCn1c(=O)[nH]c2ccccc21,CHEMBL6192364,=,=,IC50,2500.0,IC50,2.5
CNC(=O)[C@@H](CC1CCCCC1)NC(=O)[C@@H]1CN(C(=O)Nc2ccc(C(F)(F)F)cc2F)CC[C@@H]1NC(=O)CCn1c(=O)[nH]c2ccccc21,CHEMBL6191990,=,=,IC50,5.0,IC50,0.005
CNC(=O)[C@@H](CC1CCCCC1)NC(=O)[C@@H]1CN(C(=O)c2ccc(Cl)cc2F)CC[C@@H]1NC(=O)CCn1c(=O)[nH]c2ccccc21,CHEMBL6192706,>,>,IC50,30000.0,IC50,30.0
CNC(=O)[C@@H](CC1CCCCC1)NC(=O)[C@@H]1CN(CCc2ccc(C)cc2F)CC[C@@H]1NC(=O)CCn1c(=O)[nH]c2ccccc21,CHEMBL6193488,>,>,IC50,30000.0,IC50,30.0
CNC(=O)[C@@H](CC1CCCCC1)NC(=O)[C@@H]1CN(C(=O)Cc2ccc(C)cc2F)CC[C@@H]1NC(=O)Cn1c(=O)[nH]c2ccccc21,CHEMBL6189579,>,>,IC50,30000.0,IC50,30.0
CNC(=O)[C@@H](CC1CCCCC1)NC(=O)[C@@H]1CN(C(=O)Cc2ccc(C)cc2F)CC[C@@H]1NC(=O)CCCn1c(=O)[nH]c2ccccc21,CHEMBL6190495,=,=,IC50,7500.0,IC50,7.5
CNC(=O)[C@@H](CC1CCCCC1)NC(=O)[C@@H]1CN(C(=O)Cc2ccc(C)cc2F)CC[C@@H]1NC(=O)[C@H]1C[C@@H](n2c(=O)[nH]c3ccccc32)C1,CHEMBL6192629,>,>,IC50,30000.0,IC50,30.0
CNC(=O)[C@@H](CC1CCCCC1)NC(=O)[C@@H]1CN(C(=O)Cc2ccc(C)cc2F)CC[C@@H]1NCCCn1c(=O)[nH]c2ccccc21,CHEMBL6189292,>,>,IC50,30000.0,IC50,30.0
CNC(=O)[C@@H](CC1CCCCC1)NC(=O)[C@@H]1CN(C(=O)Cc2ccc(C)cc2F)CC[C@@H]1N(C)C(=O)CCn1c(=O)[nH]c2ccccc21,CHEMBL6189308,>,>,IC50,27000.0,IC50,27.0
CNC(=O)[C@@H](CC1CCCCC1)NC(=O)[C@@H]1CN(C(=O)Cc2ccc(C)cc2F)CC[C@@H]1NC(=O)CCn1cnc2ccccc21,CHEMBL6192806,>,>,IC50,30000.0,IC50,30.0
CNC(=O)[C@@H](CC1CCCCC1)NC(=O)[C@@H]1CN(C(=O)Cc2ccc(C)cc2F)CC[C@@H]1NC(=O)CCn1c(=O)oc2ccccc21,CHEMBL6188994,=,=,IC50,6200.0,IC50,6.2
CNC(=O)[C@@H](CC1CCCCC1)NC(=O)[C@@H]1CN(C(=O)Cc2ccc(C)cc2F)CC[C@@H]1NC(=O)CCc1ccc[nH]c1=O,CHEMBL6192310,=,=,IC50,12000.0,IC50,12.0
CNC(=O)[C@@H](CC1CCCCC1)NC(=O)[C@@H]1CN(C(=O)Cc2ccc(C)cc2F)CC[C@@H]1NC(=O)CCn1c(=O)[nH]c2ccc(C)cc21,CHEMBL6191411,=,=,IC50,14.0,IC50,0.014
CNC(=O)[C@@H](CC1CCCCC1)NC(=O)[C@@H]1CN(C(=O)Cc2ccc(C)cc2F)CC[C@@H]1NC(=O)CCn1c(=O)[nH]c2cc(C)ccc21,CHEMBL6190364,=,=,IC50,8.0,IC50,0.008
Cc1ccc2c(c1)[nH]c(=O)n2CCC(=O)N[C@H]1CCN(C(=O)Cc2ccc(C(F)(F)F)cc2F)C[C@H]1C(=O)N[C@H](CC1CCCCC1)C(=O)N(C)C,CHEMBL6189544,=,=,IC50,5.0,IC50,0.005
CN(C)C(=O)[C@@H](CC1CCCCC1)NC(=O)[C@@H]1CN(C(=O)Cc2ccc(C(F)(F)F)cc2F)CC[C@@H]1NC(=O)CCn1c(=O)[nH]c2cc(CC(C)(C)O)ccc21,CHEMBL6193169,=,=,IC50,4.0,IC50,0.004
C=CC(=O)Nc1ccc2[nH]c(=O)n(CCC(=O)N[C@H]3CCN(C(=O)Cc4ccc(C)cc4F)C[C@H]3C(=O)N[C@H](CC3CCCCC3)C(=O)NC)c2c1,CHEMBL6192541,=,=,IC50,9.0,IC50,0.009
CCC(=O)Nc1ccc2[nH]c(=O)n(CCC(=O)N[C@H]3CCN(C(=O)Cc4ccc(C)cc4F)C[C@H]3C(=O)N[C@H](CC3CCCCC3)C(=O)NC)c2c1,CHEMBL6189964,=,=,IC50,16.0,IC50,0.016
C=CS(=O)(=O)Nc1ccc2[nH]c(=O)n(CCC(=O)N[C@H]3CCN(C(=O)Cc4ccc(C)cc4F)C[C@H]3C(=O)N[C@H](CC3CCCCC3)C(=O)NC)c2c1,CHEMBL6189085,=,=,IC50,9.0,IC50,0.009
CNC(=O)[C@@H](CC1CCCCC1)NC(=O)C1CN(C(=O)Cc2ccc(C)cc2F)CCC1NC(=O)CCn1c(=O)[nH]c2ccccc21,CHEMBL6191148,=,=,IC50,0.228,IC50,0.228
CNC(=O)[C@@H](CC1CCCCC1)NC(=O)[C@@H]1CN(C(=O)Cc2ccc(C)cc2F)CC[C@H]1NC(=O)CCn1c(=O)[nH]c2ccccc21,CHEMBL6191272,>,>,IC50,30000.0,IC50,30.0
CNC(=O)[C@@H](CC1CCCCC1)NC(=O)[C@H]1CN(C(=O)Cc2ccc(C)cc2F)CC[C@@H]1NC(=O)CCn1c(=O)[nH]c2ccccc21,CHEMBL6192554,>,>,IC50,30000.0,IC50,30.0
