canonical_smiles,pIC50
CNC(=O)[C@@H](CC1CCCCC1)NC(=O)C1CN(C(=O)Cc2ccc(C)cc2F)CCC1NC(=O)CCn1c(=O)[nH]c2ccccc21,9.642065152999546
O=C(Cn1c2c(c(=O)n3nc(C4=CCOCC4)nc13)C1(CCN(C(=O)Cc3ccc(Cl)nn3)CC1)OCC2)Nc1ccc(C2CC2)cc1Cl,8.823908740944319
CC1CC2(CCN(C(=O)c3ncccc3O)CC2)c2c1n(CC(=O)Nc1ccc(C(F)(F)F)cc1)c1nc(C3=CCOCC3)nn1c2=O,8.721246399047171
CC1CC2(CCN(C(=O)c3ncccc3O)CC2)c2c1n(CC(=O)Nc1ccc(C(F)(F)F)cc1Cl)c1nc(N3CCOCC3)nn1c2=O,8.721246399047171
CC1CC2(CCN(C(=O)c3cc(N)[nH]n3)CC2)c2c1n(CC(=O)Nc1ccc(C(F)(F)F)cc1Cl)c1nc(C3=CCOCC3)nn1c2=O,8.721246399047171
CC(=O)N1CC=C(c2nc3n(CC(=O)Nc4ccc(C(F)(F)F)cc4Cl)c4c(c(=O)n3n2)C2(CCN(C(=O)c3ncccc3O)CC2)CC4C)CC1,8.698970004336019
O=C(Cn1c2c(c(=O)n3nc(C4=CCOCC4)nc13)C1(CCN(C(=O)c3ncccc3O)CC1)OCC2)Nc1ccc(C2CC2)cc1Cl,8.698970004336019
CN(C)C(=O)[C@@H](CC1CCCCC1)NC(=O)[C@@H]1CN(C(=O)Cc2ccc(C(F)(F)F)cc2F)CC[C@@H]1NC(=O)CCn1c(=O)[nH]c2cc(CC(C)(C)O)ccc21,8.397940008672037
CNC(=O)[C@@H](CC1CCCCC1)NC(=O)[C@@H]1CN(C(=O)Cc2ccc(C(F)(F)F)cc2)CC[C@@H]1NC(=O)CCn1c(=O)[nH]c2ccccc21,8.301029995663981
CNC(=O)[C@@H](CC1CCCCC1)NC(=O)[C@@H]1CN(C(=O)Cc2ccc(C(F)(F)F)cc2F)CC[C@@H]1NC(=O)CCn1c(=O)[nH]c2ccccc21,8.301029995663981
Cc1ccc2c(c1)[nH]c(=O)n2CCC(=O)N[C@H]1CCN(C(=O)Cc2ccc(C(F)(F)F)cc2F)C[C@H]1C(=O)N[C@H](CC1CCCCC1)C(=O)N(C)C,8.301029995663981
CNC(=O)[C@@H](CC1CCCCC1)NC(=O)[C@@H]1CN(C(=O)Nc2ccc(C(F)(F)F)cc2F)CC[C@@H]1NC(=O)CCn1c(=O)[nH]c2ccccc21,8.301029995663981
CCc1c(N2CCN(C(=O)c3cccc4nc[nH]c34)CC2)c(=O)n2nc(C3=CCOCC3)nc2n1CC(=O)Nc1ccc(C(F)(F)F)cc1Cl,8.301029995663981
CNC(=O)[C@@H](CC1CCCCC1)NC(=O)[C@@H]1CN(C(=O)Cc2ccc(C)cc2F)CC[C@@H]1NC(=O)CCn1c(=O)[nH]c2cc(C)ccc21,8.096910013008056
CCc1c(N2CCN(C(=O)c3cc4ncccc4[nH]3)CC2)c(=O)n2nc(C3=CCOCC3)nc2n1CC(=O)Nc1ccc(C(F)(F)F)cc1Cl,8.096910013008056
CCc1c(N2CCN(C(=O)c3ncnc4cc[nH]c34)CC2)c(=O)n2nc(C3=CCOCC3)nc2n1CC(=O)Nc1ccc(C(F)(F)F)cc1Cl,8.045757490560675
C=CS(=O)(=O)Nc1ccc2[nH]c(=O)n(CCC(=O)N[C@H]3CCN(C(=O)Cc4ccc(C)cc4F)C[C@H]3C(=O)N[C@H](CC3CCCCC3)C(=O)NC)c2c1,8.045757490560675
C=CC(=O)Nc1ccc2[nH]c(=O)n(CCC(=O)N[C@H]3CCN(C(=O)Cc4ccc(C)cc4F)C[C@H]3C(=O)N[C@H](CC3CCCCC3)C(=O)NC)c2c1,8.045757490560675
CCc1c(N2CCN(C(=O)c3nccc4cn[nH]c34)CC2)c(=O)n2nc(C3=CCOCC3)nc2n1CC(=O)Nc1ccc(C(F)(F)F)cc1Cl,8.0
CCc1c(N2CCN(C(=O)c3ncnc(C)c3O)CC2)c(=O)n2nc(N3CCC4(CCCCO4)CC3)nc2n1CC(=O)Nc1ccc(C(F)(F)F)cc1Cl,7.931814138253838
CCc1ccc(NC(=O)CNS(=O)(=O)c2nc(-c3ccc(OC(F)(F)F)cc3)cc(C(F)(F)F)n2)cc1,7.920818753952375
CNC(=O)[C@@H](CC1CCCCC1)NC(=O)[C@@H]1CN(C(=O)Cc2ccc(C)cc2F)CC[C@@H]1NC(=O)CCn1c(=O)[nH]c2ccc(C)cc21,7.853871964321762
CNC(=O)[C@@H](CC1CCCCC1)NC(=O)[C@@H]1CN(C(=O)Cc2ccc(Cl)cc2F)CC[C@@H]1NC(=O)CCn1c(=O)[nH]c2ccccc21,7.823908740944319
CCC(=O)Nc1ccc2[nH]c(=O)n(CCC(=O)N[C@H]3CCN(C(=O)Cc4ccc(C)cc4F)C[C@H]3C(=O)N[C@H](CC3CCCCC3)C(=O)NC)c2c1,7.795880017344075
CCc1c(N2CCN(C(=O)c3ncnc(C)c3O)CC2)c(=O)n2nc(N3CCC4(CCCCO4)CC3)nc2n1CC(=O)Nc1ccc(C(F)(F)F)cc1F,7.79317412396815
CCc1c(N2CCN(C(=O)c3ncnc(C)c3O)CC2)c(=O)n2nc(N3CCC4(CCCCO4)CC3)nc2n1CC(=O)Nc1ccc(C2CC2)cc1,7.790484985457369
CCc1c(N2CCN(C(=O)C3=C4NC=CC4CC=N3)CC2)c(=O)n2nc(C3=CCOCC3)nc2n1CC(=O)Nc1ccc(C(F)(F)F)cc1C,7.769551078621726
Cc1ccc(CC(=O)N2CC[C@H](NC(=O)CCn3c(=O)[nH]c4ccccc43)[C@H](C(=O)N[C@H](CC3CCCCC3)C(=O)N(C)C)C2)c(F)c1,7.769551078621726
CCc1c(N2CCN(C(=O)C3=C4NC=NC4CC=N3)CC2)c(=O)n2nc(C3=CCOCC3)nc2n1CC(=O)Nc1ccc(C(F)(F)F)cc1C,7.764471553092451
CCc1c(N2CCN(C(=O)c3ncnc(C)c3O)CC2)c(=O)n2nc(N3CCC4(CCCCO4)CC3)nc2n1CC(=O)Nc1ccc(C(F)(F)F)cc1,7.7495799976911055
CCc1c(N2CCN(C(=O)c3ncccc3O)CC2)c(=O)n2nc(N3CCC4(CCCCO4)CC3)nc2n1CC(=O)Nc1ccc(C(F)(F)F)cc1C,7.714442690992226
CCc1c(N2CCN(C(=O)c3ncccc3O)CC2)c(=O)n2nc(N3CCC4(CCCCC4)CC3)nc2n1CC(=O)Nc1ccc(C(F)(F)F)cc1C,7.7121982700697735
CCc1c(N2CCN(C(=O)c3cccc4cc[nH]c34)CC2)c(=O)n2nc(C3=CCOCC3)nc2n1CC(=O)Nc1ccc(C(F)(F)F)cc1C,7.645891560852599
CCc1c(N2CCN(C(=O)c3ncccc3O)CC2)c(=O)n2nc(C3=CCC4(CCCO4)CC3)nc2n1CC(=O)Nc1ccc(C(F)(F)F)cc1C,7.636388020107855
CCc1c(N2CCN(C(=O)c3ncccc3O)CC2)c(=O)n2nc(N3CCC4(CCCOC4)CC3)nc2n1CC(=O)Nc1ccc(C(F)(F)F)cc1C,7.600326278518962
CCc1c(N2CCN(C(=O)c3ccnc4cc[nH]c34)CC2)c(=O)n2nc(C3=CCOCC3)nc2n1CC(=O)Nc1ccc(C(F)(F)F)cc1C,7.565431095965801
CCc1c(N2CCN(C(=O)c3nccc4nc[nH]c34)CC2)c(=O)n2nc(C3=CCOCC3)nc2n1CC(=O)Nc1ccc(C(F)(F)F)cc1Cl,7.537602002101044
CNC(=O)[C@@H](CC1CCCCC1)NC(=O)[C@@H]1CN(C(=O)Cc2ccc(C)cc2F)CC[C@@H]1NC(=O)CCn1c(=O)[nH]c2ccccc21,7.537602002101044
CCc1c(N2CCN(C(=O)c3ncnc(C)c3O)CC2)c(=O)n2nc(C3=CCOCC3)nc2n1CC(=O)Nc1ccc(C(F)(F)F)cc1Cl,7.525783735923745
CCc1c(N2CCN(C(=O)c3nc4cccnc4[nH]3)CC2)c(=O)n2nc(C3=CCOCC3)nc2n1CC(=O)Nc1ccc(C(F)(F)F)cc1Cl,7.508638306165727
CCc1c(N2CCN(C(=O)c3ncnc(OC)c3O)CC2)c(=O)n2nc(N3CCC4(CCCCO4)CC3)nc2n1CC(=O)Nc1ccc(C(F)(F)F)cc1C,7.498940737782249
CCc1c(N2CCN(C(=O)c3nccc4cc[nH]c34)CC2)c(=O)n2nc(C3=CCOCC3)nc2n1CC(=O)Nc1ccc(C(F)(F)F)cc1Cl,7.494850021680094
CCc1c(N2CCN(C(=O)c3ncccc3O)CC2)c(=O)n2nc(C3=CCOCC3)nc2n1CC(=O)Nc1ccc(C(F)(F)F)cc1C,7.490797477668897
CCc1c(N2CCN(C(=O)c3cccc4[nH]ccc34)CC2)c(=O)n2nc(C3=CCOCC3)nc2n1CC(=O)Nc1ccc(C(F)(F)F)cc1C,7.47755576649368
CCc1c(N2CCN(C(=O)c3ncccc3O)CC2)c(=O)n2nc(N3CCC4(CCOCC4)CC3)nc2n1CC(=O)Nc1ccc(C(F)(F)F)cc1C,7.423658649794207
CCc1c(N2CCN(C(=O)C3=C4NN=CC4CC=N3)CC2)c(=O)n2nc(C3=CCOCC3)nc2n1CC(=O)Nc1ccc(C(F)(F)F)cc1C,7.421360790031928
CNC(=O)[C@@H](CC1CCCCC1)NC(=O)[C@@H]1CN(C(=O)Cc2ccc(C)cc2)CC[C@@H]1NC(=O)CCn1c(=O)[nH]c2ccccc21,7.4089353929735005
CCc1c(N2CCN(C(=O)c3nc4nc(Cl)ccc4[nH]3)CC2)c(=O)n2nc(C3=CCOCC3)nc2n1CC(=O)Nc1ccc(C(F)(F)F)cc1Cl,7.376750709602099
CCc1c(N2CCN(C(=O)c3ncccc3O)CC2)c(=O)n2nc(N3CCC4(CC3)CC4(F)F)nc2n1CC(=O)Nc1ccc(C(F)(F)F)cc1C,7.330683119433887
CCc1c(N2CCN(C(=O)c3cc(Cl)cc4[nH]cnc34)CC2)c(=O)n2nc(C3=CCOCC3)nc2n1CC(=O)Nc1ccc(C(F)(F)F)cc1Cl,7.301029995663981
CCc1c(N2CCN(C(=O)c3cc(Br)cc4[nH]cnc34)CC2)c(=O)n2nc(C3=CCOCC3)nc2n1CC(=O)Nc1ccc(C(F)(F)F)cc1Cl,7.301029995663981
Cc1ccc(CC(=O)N2CC[C@H](NC(=O)CCn3c(=O)[nH]c4ccccc43)[C@H](C(=O)N[C@H](CC3CCCCC3)C(=O)O)C2)c(F)c1,7.275724130399211
CCc1c(N2CCN(C(=O)c3ncccc3O)CC2)c(=O)n2nc(N3CCC4(CCCO4)CC3)nc2n1CC(=O)Nc1ccc(C(F)(F)F)cc1C,7.2262135550188065
CNC(=O)[C@@H](CC1CCCCC1)NC(=O)[C@@H]1CN(C(=O)CC2CCC(C(F)(F)F)CC2)CC[C@@H]1NC(=O)CCn1c(=O)[nH]c2ccccc21,7.221848749616356
CCc1c(N2CCN(C(=O)c3cc4[nH]ccc4cn3)CC2)c(=O)n2nc(C3=CCOCC3)nc2n1CC(=O)Nc1ccc(C(F)(F)F)cc1Cl,7.1487416512809245
CCc1c(N2CCN(C(=O)c3ncnc(C)c3O)CC2)c(=O)n2nc(N3CCC4(CCCCO4)CC3)nc2n1CC(=O)Nc1ccc(C(F)(F)F)cc1C,7.113509274827518
CCc1c(N2CCN(C(=O)c3ncnc(C)c3O)CC2)c(=O)n2nc(N3CCC4(CCCCO4)CC3)nc2n1CC(=O)Nc1ccc(OC)cc1,7.073143291050307
CCc1c(N2CCN(C(=O)c3ncccc3N)CC2)c(=O)n2nc(C3=CCOCC3)nc2n1CC(=O)Nc1ccc(C(F)(F)F)cc1C,7.0195421077239
CCc1c(N2CCN(C(=O)c3nc(C)ccc3O)CC2)c(=O)n2nc(N3CCC4(CCCCO4)CC3)nc2n1CC(=O)Nc1ccc(C(F)(F)F)cc1C,6.97061622231479
CCc1c(N2CCN(C(=O)c3cc4ncc(Cl)cc4[nH]3)CC2)c(=O)n2nc(C3=CCOCC3)nc2n1CC(=O)Nc1ccc(C(F)(F)F)cc1Cl,6.954677021213342
CCc1c(N2CCN(C(=O)c3ccncc3O)CC2)c(=O)n2nc(C3=CCOCC3)nc2n1CC(=O)Nc1ccc(C(F)(F)F)cc1C,6.924453038607469
CCc1c(N2CCN(C(=O)c3cncc4cc[nH]c34)CC2)c(=O)n2nc(C3=CCOCC3)nc2n1CC(=O)Nc1ccc(C(F)(F)F)cc1C,6.910094888560602
CCc1c(N2CCN(C(=O)c3cc4nc(Cl)ccc4[nH]3)CC2)c(=O)n2nc(C3=CCOCC3)nc2n1CC(=O)Nc1ccc(C(F)(F)F)cc1Cl,6.903089986991944
CCc1c(N2CCN(C(=O)c3cc4ncc(Br)cc4[nH]3)CC2)c(=O)n2nc(C3=CCOCC3)nc2n1CC(=O)Nc1ccc(C(F)(F)F)cc1Cl,6.892790030352131
CCc1c(N2CCN(C(=O)c3cnc4ccccc4c3O)CC2)c(=O)n2nc(C3=CCOCC3)nc2n1CC(=O)Nc1ccc(C(F)(F)F)cc1Cl,6.889410289700751
CCc1c(N2CCN(C(=O)c3nc(C4CC4)ccc3O)CC2)c(=O)n2nc(N3CCC4(CCCCO4)CC3)nc2n1CC(=O)Nc1ccc(C(F)(F)F)cc1C,6.876148359032914
CS(=O)(=O)CC[C@@H](NC(=O)c1cnc(C(F)(F)F)nc1Oc1ccccc1)C1CC1,6.853871964321762
CCc1c(N2CCN(C(=O)c3cc4ncncc4[nH]3)CC2)c(=O)n2nc(C3=CCOCC3)nc2n1CC(=O)Nc1ccc(C(F)(F)F)cc1Cl,6.779891911959945
CCc1c(N2CCN(C(=O)c3ccc4cccc(O)c4n3)CC2)c(=O)n2nc(C3=CCOCC3)nc2n1CC(=O)Nc1ccc(C(F)(F)F)cc1Cl,6.730487055782083
CCc1c(N2CCN(C(=O)C3=CC4C=CC=NC4N3)CC2)c(=O)n2nc(C3=CCOCC3)nc2n1CC(=O)Nc1ccc(C(F)(F)F)cc1Cl,6.7121982700697735
O=C1/C(=C2\Nc3ccc(S(=O)(=O)O)cc3C2=O)Nc2ccc(S(=O)(=O)O)cc21,6.698970004336019
CCc1c(N2CCN(C(=O)c3ncccc3O)CC2)c(=O)n2nc(N3CCC4(CCOC4)CC3)nc2n1CC(=O)Nc1ccc(C(F)(F)F)cc1C,6.6968039425795105
CCc1c(N2CCN(C(=O)c3cc4nc(Br)ccc4[nH]3)CC2)c(=O)n2nc(C3=CCOCC3)nc2n1CC(=O)Nc1ccc(C(F)(F)F)cc1Cl,6.688246138944246
CCc1c(N2CCN(C(=O)c3c(F)ccc4cc[nH]c34)CC2)c(=O)n2nc(C3=CCOCC3)nc2n1CC(=O)Nc1ccc(C(F)(F)F)cc1Cl,6.673664139071249
CCc1c(N2CCN(C(=O)c3cccc4cc[nH]c34)CC2)c(=O)n2nc(C3=CCOCC3)nc2n1CC(=O)Nc1ccc(C(F)(F)F)cc1Cl,6.651695136951839
CC(C)(CN1C(=O)C(Cl)=C(Cl)C1=O)CN1C(=O)C(Cl)=C(Cl)C1=O,6.638272163982407
CCc1c(N2CCN(C(=O)c3ncccc3O)CC2)c(=O)n2nc(N3CCC4(CCCCO4)C3)nc2n1CC(=O)Nc1ccc(C(F)(F)F)cc1C,6.568636235841012
CCc1c(N2CCN(C(=O)c3ncccc3O)CC2)c(=O)n2nc(N3CC(OC)C3)nc2n1CC(=O)Nc1ccc(C(F)(F)F)cc1C,6.474955192963154
CCc1c(N2CCN(C(=O)c3cc4ncccc4n3C)CC2)c(=O)n2nc(C3=CCOCC3)nc2n1CC(=O)Nc1ccc(C(F)(F)F)cc1Cl,6.441291429466834
CCc1c(N2CCN(C(=O)c3nc4ccccc4[nH]3)CC2)c(=O)n2nc(C3=CCOCC3)nc2n1CC(=O)Nc1ccc(C(F)(F)F)cc1Cl,6.421360790031928
CCc1c(N2CCN(C(=O)c3nccc4c(CN5CCOCC5)c[nH]c34)CC2)c(=O)n2nc(C3=CCOCC3)nc2n1CC(=O)Nc1ccc(C(F)(F)F)cc1Cl,6.364516253185088
CCc1c(N2CCN(C(=O)c3ncc(C)c4cc[nH]c34)CC2)c(=O)n2nc(C3=CCOCC3)nc2n1CC(=O)Nc1ccc(C(F)(F)F)cc1C,6.355561410532161
CCc1c(N2CCN(C(=O)c3ncccc3O)CC2)c(=O)n2nc(N3CC(COC)C3)nc2n1CC(=O)Nc1ccc(C(F)(F)F)cc1C,6.343901797987169
CCc1c(N2CCN(C(=O)c3cccc4c(CN5CCOCC5)c[nH]c34)CC2)c(=O)n2nc(C3=CCOCC3)nc2n1CC(=O)Nc1ccc(C(F)(F)F)cc1Cl,6.30189945437661
CCc1c(N2CCN(C(=O)c3nccc4c(Br)c[nH]c34)CC2)c(=O)n2nc(C3=CCOCC3)nc2n1CC(=O)Nc1ccc(C(F)(F)F)cc1Cl,6.245651664288982
CCc1c(N2CCN(C(=O)c3cc4nc(C(F)(F)F)ccc4[nH]3)CC2)c(=O)n2nc(C3=CCOCC3)nc2n1CC(=O)Nc1ccc(C(F)(F)F)cc1Cl,6.224025668870631
CCc1c(N2CCN(C(=O)c3ncccc3O)CC2)c(=O)n2nc(N3CC4(CCCO4)C3)nc2n1CC(=O)Nc1ccc(C(F)(F)F)cc1C,6.20690839982342
CCc1c(N2CCN(C(=O)c3ccc(F)c4cc[nH]c34)CC2)c(=O)n2nc(C3=CCOCC3)nc2n1CC(=O)Nc1ccc(C(F)(F)F)cc1Cl,6.189095719331299
CCc1c(N2CCN(C(=O)c3cc(Cl)cc4cc[nH]c34)CC2)c(=O)n2nc(C3=CCOCC3)nc2n1CC(=O)Nc1ccc(C(F)(F)F)cc1Cl,6.186419011431807
CCc1c(N2CCN(C(=O)c3ncccc3O)CC2)c(=O)n2nc(N3CC4(COC4)C3)nc2n1CC(=O)Nc1ccc(C(F)(F)F)cc1C,6.119186407719209
CNC(=O)[C@@H](CC1CCCCC1)NC(=O)[C@@H]1CN(C(=O)Cc2ccc(OC)cc2F)CC[C@@H]1NC(=O)CCn1c(=O)[nH]c2ccccc21,6.060480747381382
CCc1c(N2CCN(C(=O)c3ncccc3O)CC2)c(=O)n2nc(N3CC(C#N)C3)nc2n1CC(=O)Nc1ccc(C(F)(F)F)cc1C,6.017728766960431
N#Cc1cc(NC(=O)Nc2nnc(-c3ccncc3)s2)ccc1Br,5.958607314841775
CCc1c(N2CCN(C(=O)c3cnc(Cl)c4cc[nH]c34)CC2)c(=O)n2nc(C3=CCOCC3)nc2n1CC(=O)Nc1ccc(C(F)(F)F)cc1C,5.954677021213342
CCc1c(N2CCN(C(=O)c3cc4ccc(Cl)nc4[nH]3)CC2)c(=O)n2nc(C3=CCOCC3)nc2n1CC(=O)Nc1ccc(C(F)(F)F)cc1Cl,5.903785414653594
CCc1c(N2CCN(C(=O)c3ncccc3O)CC2)c(=O)n2nc(N3CC(S(C)(=O)=O)C3)nc2n1CC(=O)Nc1ccc(C(F)(F)F)cc1C,5.886056647693163
N#Cc1cc(NC(=O)Nc2nnc(-c3ccncc3)s2)ccc1Cl,5.795880017344075
CCc1c(N2CCN(C(=O)c3cc4cnc(Cl)cc4[nH]3)CC2)c(=O)n2nc(C3=CCOCC3)nc2n1CC(=O)Nc1ccc(C(F)(F)F)cc1Cl,5.7599502278873524
N#Cc1cc(NC(=O)Nc2nnc(-c3ccncc3)s2)ccc1F,5.657577319177793
CCc1c(N2CCN(C(=O)c3ccc(Cl)c4cc[nH]c34)CC2)c(=O)n2nc(C3=CCOCC3)nc2n1CC(=O)Nc1ccc(C(F)(F)F)cc1Cl,5.6485902480745604
CCc1c(N2CCN(C(=O)c3ncc(Cl)c4cc[nH]c34)CC2)c(=O)n2nc(C3=CCOCC3)nc2n1CC(=O)Nc1ccc(C(F)(F)F)cc1C,5.645891560852599
COc1ccc2nc(O)c(-c3noc(-c4ccc(F)cc4)n3)cc2c1,5.638272163982407
COc1ccc2nc(O)c(-c3noc(-c4ccccc4)n3)cc2c1,5.638272163982407
CCOc1ccc(-c2ccc(C(C3=C(O)CC(C)(C)CC3=O)C3=C(O)CC(C)(C)CC3=O)s2)cc1,5.637329070274333
CCc1c(N2CCN(C(=O)c3noc4ccccc34)CC2)c(=O)n2nc(C3=CCOCC3)nc2n1CC(=O)Nc1ccc(C(F)(F)F)cc1Cl,5.625068446021812
CNC(=O)[C@@H](CC1CCCCC1)NC(=O)[C@@H]1CN(C(=O)C(C)c2ccc(C)cc2F)CC[C@@H]1NC(=O)CCn1c(=O)[nH]c2ccccc21,5.6020599913279625
O=C(Nc1ccc(F)c(C(F)(F)F)c1)Nc1nnc(-c2ccncc2)s1,5.568636235841012
O=C(Nc1ccc(Br)c(Br)c1)Nc1nnc(-c2ccncc2)s1,5.537602002101044
CCC(=O)OCN1C(=O)C=CC1=O,5.522878745280337
CC1(C)CC(=O)C(C(C2=C(O)CC(C)(C)CC2=O)c2ccc(CCc3ccccc3)s2)=C(O)C1,5.520136886976902
CCc1c(N2CCN(Cc3ncccc3O)CC2)c(=O)n2nc(C3=CCOCC3)nc2n1CC(=O)Nc1ccc(C(F)(F)F)cc1C,5.481486060122112
CCc1c(N2CCN(C(=O)c3nccc4c(Br)c[nH]c34)CC2)c(=O)n2nc(C3=CCOCC3)nc2n1CC(=O)Nc1ccc(C(F)(F)F)cc1C,5.478861916295964
O=C(Nc1ccc(Cl)c(Cl)c1)Nc1nnc(-c2ccncc2)s1,5.468521082957745
CCc1c(N2CCN(C(=O)c3ncc(Br)c4cc[nH]c34)CC2)c(=O)n2nc(C3=CCOCC3)nc2n1CC(=O)Nc1ccc(C(F)(F)F)cc1C,5.404503778174426
CNC(=O)[C@@H](CC1CCCCC1)NC(=O)[C@@H]1CN(C(=O)Cc2ccc(C)cc2F)CC[C@@H]1NC(=O)CCn1c(=O)oc2ccccc21,5.207608310501746
N#Cc1cc(NC(=O)Nc2nnc(-c3ccncc3)s2)ccc1-c1cn[nH]c1,5.1487416512809245
CNC(=O)[C@@H](CC1CCCCC1)NC(=O)[C@@H]1CN(C(=O)Cc2ccc(C)cc2F)CC[C@@H]1NC(=O)CCCn1c(=O)[nH]c2ccccc21,5.1249387366083
CNC(=O)[C@@H](CC1CCCCC1)NC(=O)[C@@H]1CN(C(=O)Cc2ccccc2F)CC[C@@H]1NC(=O)CCn1c(=O)[nH]c2ccccc21,5.113509274827518
CCc1c(N2CCN(C(=O)c3cc4nc(OC)ccc4[nH]3)CC2)c(=O)n2nc(C3=CCOCC3)nc2n1CC(=O)Nc1ccc(C(F)(F)F)cc1Cl,5.036401037402758
Cc1ccc(NC(=O)CN2C(=O)N/C(=C/c3ccccc3OCc3cccc(C(=O)O)c3)C2=O)cc1,5.008773924307505
CNC(=O)[C@@H](CC1CCCCC1)NC(=O)[C@@H]1CN(C(=O)Cc2ccc(C)cc2F)CC[C@@H]1NC(=O)CCc1ccc[nH]c1=O,4.920818753952375
CCOC(=O)c1ccc(-c2ccc(C(C3=C(O)CC(C)(C)CC3=O)C3=C(O)CC(C)(C)CC3=O)s2)cc1,4.893469146177619
Cc1ccc(CC(=O)N2CC[C@H](NC(=O)CCn3c(=O)[nH]c4ccccc43)[C@H](C(=O)N[C@@H](C(=O)O)C3CCCCC3)C2)c(F)c1,4.7447274948966935
Cc1ccc(S(=O)(=O)c2ccc(C(C3=C(O)CC(C)(C)CC3=O)C3=C(O)CC(C)(C)CC3=O)s2)cc1,4.728855682050922
CC1(C)CC(=O)C(C(C2=C(O)CC(C)(C)CC2=O)c2ccc(Cc3ccccc3)s2)=C(O)C1,4.707743928643524
CC1(C)CC(=O)C(C(C2=C(O)CC(C)(C)CC2=O)c2ccc(-c3ccc(C(F)(F)F)cc3)s2)=C(O)C1,4.704432900037521
CCOc1cccc(-c2ccc(C(C3=C(O)CC(C)(C)CC3=O)C3=C(O)CC(C)(C)CC3=O)s2)c1,4.692717952966654
CC1(C)CC(=O)C(C(C2=C(O)CC(C)(C)CC2=O)c2ccc(-c3ccc(-c4ccccc4)cc3)s2)=C(O)C1,4.6823544567788415
CC1(C)CC(=O)C(C(C2=C(O)CC(C)(C)CC2=O)c2ccc(I)s2)=C(O)C1,4.649170726417032
COc1ccc2cc(-c3ccc(C(C4=C(O)CC(C)(C)CC4=O)C4=C(O)CC(C)(C)CC4=O)s3)ccc2c1,4.64762450499948
CC1(C)CC(=O)C(C(C2=C(O)CC(C)(C)CC2=O)c2ccc(-c3cccc(F)c3)s2)=C(O)C1,4.627640417475677
CC1(C)CC(=O)C(C(C2=C(O)CC(C)(C)CC2=O)c2ccc(Br)s2)=C(O)C1,4.614036429399302
CNC(=O)[C@@H](CC1CCCCC1)NC(=O)[C@@H]1CN(C(=O)Cc2ccccc2)CC[C@@H]1NC(=O)CCn1c(=O)[nH]c2ccccc21,4.6020599913279625
CC1(C)CC(=O)C(C(C2=C(O)CC(C)(C)CC2=O)c2ccc(-c3ccc(Cl)cc3)s2)=C(O)C1,4.593119329950875
CC1(C)CC(=O)C(C(C2=C(O)CC(C)(C)CC2=O)c2ccc(Cl)s2)=C(O)C1,4.589560213789653
CC1(C)CC(=O)C(C(C2=C(O)CC(C)(C)CC2=O)c2ccc(-c3ccc(F)cc3)s2)=C(O)C1,4.586867949565128
CC1(C)CC(=O)C(C(C2=C(O)CC(C)(C)CC2=O)c2ccc(-c3ccc(-c4ccc(Br)s4)s3)s2)=C(O)C1,4.581864501574768
CNC(=O)[C@@H](CC1CCCCC1)NC(=O)[C@@H]1CN(C(=O)Cc2ccc(C)cc2F)CC[C@@H]1N(C)C(=O)CCn1c(=O)[nH]c2ccccc21,4.568636235841013
CNC(=O)[C@@H](CC1CCCCC1)N(C)C(=O)[C@@H]1CN(C(=O)Cc2ccc(C)cc2F)CC[C@@H]1NC(=O)CCn1c(=O)[nH]c2ccccc21,4.552841968657781
CC1(C)CC(=O)C(C(C2=C(O)CC(C)(C)CC2=O)c2ccc(-c3ccc(C(C)(C)C)cc3)s2)=C(O)C1,4.543633966870957
CC1(C)CC(=O)C(C(C2=C(O)CC(C)(C)CC2=O)c2ccc(-c3ccccc3)s2)=C(O)C1,4.537751784645002
CNC(=O)[C@@H](CC1CCCCC1)NC(=O)[C@@H]1CN(CCc2ccc(C)cc2F)CC[C@@H]1NC(=O)CCn1c(=O)[nH]c2ccccc21,4.522878745280337
CNC(=O)[C@@H](CC1CCCCC1)NC(=O)[C@@H]1CN(C(=O)c2ccc(Cl)cc2F)CC[C@@H]1NC(=O)CCn1c(=O)[nH]c2ccccc21,4.522878745280337
CNC(=O)[C@@H](CC1CCCCC1)NC(=O)[C@@H]1CN(C(=O)Cc2ccc(C)cc2F)CC[C@@H]1NC(=O)[C@H]1C[C@@H](n2c(=O)[nH]c3ccccc32)C1,4.522878745280337
CNC(=O)[C@@H](CC1CCCCC1)NC(=O)[C@@H]1CN(C(=O)Cc2ccc(C)cc2F)CC[C@@H]1NCCCn1c(=O)[nH]c2ccccc21,4.522878745280337
CNC(=O)[C@@H](CC1CCCCC1)NC(=O)[C@@H]1CN(C(=O)Cc2ccc(C)cc2F)CC[C@@H]1NC(=O)CCn1cnc2ccccc21,4.522878745280337
CNC(=O)[C@@H](CC1CCCCC1)NC(=O)[C@@H]1CN(C(=O)Cc2ccc(C)cc2F)CC[C@@H]1NC(=O)Cn1c(=O)[nH]c2ccccc21,4.522878745280337
Cc1ccc(CC(=O)N2CC[C@H](NC(=O)CCn3c(=O)[nH]c4ccccc43)[C@H](C(=O)N[C@H](Cc3ccccc3)C(=O)O)C2)c(F)c1,4.522878745280337
CNC(=O)[C@@H](CC1CCCCC1)NC(=O)[C@H]1CN(C(=O)Cc2ccc(C)cc2F)CC[C@@H]1NC(=O)CCn1c(=O)[nH]c2ccccc21,4.522878745280337
CNC(=O)[C@@H](CC1CCCCC1)NC(=O)[C@@H]1CN(C(=O)Cc2ccc(C)cc2F)CC[C@H]1NC(=O)CCn1c(=O)[nH]c2ccccc21,4.522878745280337
CNC(=O)[C@@H](CC1CCCCC1)NC[C@@H]1CN(C(=O)Cc2ccc(C)cc2F)CC[C@@H]1NC(=O)CCn1c(=O)[nH]c2ccccc21,4.522878745280337
Cc1ccc(CC(=O)N2CC[C@H](NC(=O)CCn3c(=O)[nH]c4ccccc43)[C@H](C(=O)N[C@H](CC3CCNCC3)C(=O)N(C)C)C2)c(F)c1,4.522878745280337
Cc1ccc(CC(=O)N2CC[C@H](NC(=O)CCn3c(=O)[nH]c4ccccc43)[C@H](C(=O)N[C@H](CN3CCCCC3)C(=O)N(C)C)C2)c(F)c1,4.522878745280337
CNC(=O)[C@@H](CC(C)C)NC(=O)[C@@H]1CN(C(=O)Cc2ccc(C)cc2F)CC[C@@H]1NC(=O)CCn1c(=O)[nH]c2ccccc21,4.522878745280337
Cc1ccc(CC(=O)N2CC[C@H](NC(=O)CCn3c(=O)[nH]c4ccccc43)[C@H](C(=O)NCCC3CCCCC3)C2)c(F)c1,4.522878745280337
CNC(=O)[C@H](CC1CCCCC1)NC(=O)[C@@H]1CN(C(=O)Cc2ccc(C)cc2F)CC[C@@H]1NC(=O)CCn1c(=O)[nH]c2ccccc21,4.522878745280337
Cc1ccc(CC(=O)N2CC[C@H](NC(=O)CCn3c(=O)[nH]c4ccccc43)[C@H](C(=O)N[C@H](CC3CCCCC3)CN(C)C)C2)c(F)c1,4.522878745280337
CNC(=O)[C@@H](CC1CCCCC1)NC(=O)[C@H]1CN(C(=O)Cc2ccc(C)cc2F)CC[C@H]1NC(=O)CCn1c(=O)[nH]c2ccccc21,4.522878745280337
CNC(=O)[C@@H](CC1CCCCC1)NC(=O)[C@@H]1CN(C(=O)Cc2ccc(C)nc2)CC[C@@H]1NC(=O)CCn1c(=O)[nH]c2ccccc21,4.522878745280337
CC1(C)CC(=O)C(C(C2=C(O)CC(C)(C)CC2=O)c2ccc(-c3cccnc3)s2)=C(O)C1,4.518844129171965
CCc1ccc(-c2ccc(C(C3=C(O)CC(C)(C)CC3=O)C3=C(O)CC(C)(C)CC3=O)s2)cc1,4.451242171426296
CC1(C)CC(=O)C(C(C2=C(O)CC(C)(C)CC2=O)c2ccc(-c3ccccc3F)s2)=C(O)C1,4.408156588775215
CCOc1cccc(-c2sc(C(C3=C(O)CC(C)(C)CC3=O)C3=C(O)CC(C)(C)CC3=O)cc2[N+](=O)[O-])c1,4.382475465113708
COc1ccc(-c2ccc(C(C3=C(O)CC(C)(C)CC3=O)C3=C(O)CC(C)(C)CC3=O)s2)cc1,4.33743103306674
CCc1sc(C(C2=C(O)CC(C)(C)CC2=O)C2=C(O)CC(C)(C)CC2=O)cc1[N+](=O)[O-],4.304255724802677
COCc1ccc(-c2ccc(C(C3=C(O)CC(C)(C)CC3=O)C3=C(O)CC(C)(C)CC3=O)s2)cc1,4.283662712110451
CCc1ccc(C(C2=C(O)CC(C)(C)CC2=O)C2=C(O)CC(C)(C)CC2=O)s1,4.193616498175833
CCc1sc(C(C2=C(O)CCCC2=O)C2=C(O)CCCC2=O)cc1[N+](=O)[O-],4.1134528766088945
CC1(C)CC(=O)C(C(C2=C(O)CC(C)(C)CC2=O)c2ccc(-c3ccc4ccccc4c3)s2)=C(O)C1,4.08444188458848
